set,size,algorithm,timing
0,2010,changegreedy,0.0209808349609375
0,2010,changedp,15.937089920043945
1,2015,changegreedy,0.017881393432617188
1,2015,changedp,13.275146484375
2,2020,changegreedy,0.0247955322265625
2,2020,changedp,12.897014617919922
3,2025,changegreedy,0.014066696166992188
3,2025,changedp,12.109994888305664
4,2030,changegreedy,0.0438690185546875
4,2030,changedp,12.617111206054688
5,2035,changegreedy,0.0171661376953125
5,2035,changedp,12.43281364440918
6,2040,changegreedy,0.0209808349609375
6,2040,changedp,12.457132339477539
7,2045,changegreedy,0.02002716064453125
7,2045,changedp,16.056060791015625
8,2050,changegreedy,0.015974044799804688
8,2050,changedp,12.320995330810547
9,2055,changegreedy,0.012874603271484375
9,2055,changedp,12.939214706420898
10,2060,changegreedy,0.02002716064453125
10,2060,changedp,12.726068496704102
11,2065,changegreedy,0.011920928955078125
11,2065,changedp,12.533903121948242
12,2070,changegreedy,0.023126602172851562
12,2070,changedp,12.454032897949219
13,2075,changegreedy,0.012874603271484375
13,2075,changedp,12.714862823486328
14,2080,changegreedy,0.021219253540039062
14,2080,changedp,12.948036193847656
15,2085,changegreedy,0.015020370483398438
15,2085,changedp,12.648820877075195
16,2090,changegreedy,0.019073486328125
16,2090,changedp,12.720108032226562
17,2095,changegreedy,0.012874603271484375
17,2095,changedp,12.671232223510742
18,2100,changegreedy,0.05817413330078125
18,2100,changedp,12.598037719726562
19,2105,changegreedy,0.013113021850585938
19,2105,changedp,12.88294792175293
20,2110,changegreedy,0.02193450927734375
20,2110,changedp,12.723922729492188
21,2115,changegreedy,0.013113021850585938
21,2115,changedp,12.652873992919922
22,2120,changegreedy,0.021219253540039062
22,2120,changedp,13.008832931518555
23,2125,changegreedy,0.013113021850585938
23,2125,changedp,12.885093688964844
24,2130,changegreedy,0.02193450927734375
24,2130,changedp,12.764930725097656
25,2135,changegreedy,0.015020370483398438
25,2135,changedp,12.87984848022461
26,2140,changegreedy,0.02193450927734375
26,2140,changedp,12.721061706542969
27,2145,changegreedy,0.015020370483398438
27,2145,changedp,13.051986694335938
28,2150,changegreedy,0.0209808349609375
28,2150,changedp,13.14997673034668
29,2155,changegreedy,0.014066696166992188
29,2155,changedp,13.087034225463867
30,2160,changegreedy,0.027179718017578125
30,2160,changedp,12.814044952392578
31,2165,changegreedy,0.012874603271484375
31,2165,changedp,13.35906982421875
32,2170,changegreedy,0.03695487976074219
32,2170,changedp,12.335062026977539
33,2175,changegreedy,0.014066696166992188
33,2175,changedp,12.76397705078125
34,2180,changegreedy,0.02288818359375
34,2180,changedp,17.917871475219727
35,2185,changegreedy,0.013113021850585938
35,2185,changedp,13.497114181518555
36,2190,changegreedy,0.025987625122070312
36,2190,changedp,13.694047927856445
37,2195,changegreedy,0.012874603271484375
37,2195,changedp,13.561010360717773
38,2200,changegreedy,0.019073486328125
38,2200,changedp,13.752937316894531
0,2000,changegreedy,0.014066696166992188
0,2000,changedp,15.018939971923828
1,2001,changegreedy,0.026941299438476562
1,2001,changedp,14.83297348022461
2,2002,changegreedy,0.013113021850585938
2,2002,changedp,15.383005142211914
3,2003,changegreedy,0.015974044799804688
3,2003,changedp,14.944076538085938
4,2004,changegreedy,0.013113021850585938
4,2004,changedp,15.857219696044922
5,2005,changegreedy,0.016927719116210938
5,2005,changedp,15.100955963134766
6,2006,changegreedy,0.012874603271484375
6,2006,changedp,15.538930892944336
7,2007,changegreedy,0.02002716064453125
7,2007,changedp,14.904975891113281
8,2008,changegreedy,0.04601478576660156
8,2008,changedp,15.333890914916992
9,2009,changegreedy,0.013828277587890625
9,2009,changedp,15.555143356323242
10,2010,changegreedy,0.025987625122070312
10,2010,changedp,23.65589141845703
11,2011,changegreedy,0.02193450927734375
11,2011,changedp,17.011165618896484
12,2012,changegreedy,0.015020370483398438
12,2012,changedp,15.468835830688477
13,2013,changegreedy,0.024080276489257812
13,2013,changedp,23.91219139099121
14,2014,changegreedy,0.015020370483398438
14,2014,changedp,20.09105682373047
15,2015,changegreedy,0.015974044799804688
15,2015,changedp,15.558004379272461
16,2016,changegreedy,0.026226043701171875
16,2016,changedp,16.01696014404297
17,2017,changegreedy,0.012874603271484375
17,2017,changedp,17.466068267822266
18,2018,changegreedy,0.015020370483398438
18,2018,changedp,15.820026397705078
19,2019,changegreedy,0.02002716064453125
19,2019,changedp,15.654802322387695
20,2020,changegreedy,0.014066696166992188
20,2020,changedp,17.13705062866211
21,2021,changegreedy,0.02193450927734375
21,2021,changedp,17.1658992767334
22,2022,changegreedy,0.028848648071289062
22,2022,changedp,20.188093185424805
23,2023,changegreedy,0.015974044799804688
23,2023,changedp,15.81883430480957
24,2024,changegreedy,0.02193450927734375
24,2024,changedp,14.881134033203125
25,2025,changegreedy,0.016927719116210938
25,2025,changedp,16.183853149414062
26,2026,changegreedy,0.015020370483398438
26,2026,changedp,15.354156494140625
27,2027,changegreedy,0.031948089599609375
27,2027,changedp,15.425920486450195
28,2028,changegreedy,0.015020370483398438
28,2028,changedp,15.904903411865234
29,2029,changegreedy,0.027179718017578125
29,2029,changedp,15.344858169555664
30,2030,changegreedy,0.013828277587890625
30,2030,changedp,16.499042510986328
31,2031,changegreedy,0.02193450927734375
31,2031,changedp,17.315149307250977
32,2032,changegreedy,0.02384185791015625
32,2032,changedp,15.110969543457031
33,2033,changegreedy,0.030040740966796875
33,2033,changedp,15.28477668762207
34,2034,changegreedy,0.015020370483398438
34,2034,changedp,15.675067901611328
35,2035,changegreedy,0.02002716064453125
35,2035,changedp,15.272140502929688
36,2036,changegreedy,0.015020370483398438
36,2036,changedp,15.802145004272461
37,2037,changegreedy,0.0209808349609375
37,2037,changedp,14.844894409179688
38,2038,changegreedy,0.011920928955078125
38,2038,changedp,16.99090003967285
39,2039,changegreedy,0.025987625122070312
39,2039,changedp,15.527963638305664
40,2040,changegreedy,0.014066696166992188
40,2040,changedp,15.547990798950195
41,2041,changegreedy,0.015974044799804688
41,2041,changedp,15.684843063354492
42,2042,changegreedy,0.04696846008300781
42,2042,changedp,15.687942504882812
43,2043,changegreedy,0.015020370483398438
43,2043,changedp,16.649961471557617
44,2044,changegreedy,0.01811981201171875
44,2044,changedp,15.767097473144531
45,2045,changegreedy,0.012874603271484375
45,2045,changedp,23.350954055786133
46,2046,changegreedy,0.016927719116210938
46,2046,changedp,16.557931900024414
47,2047,changegreedy,0.02002716064453125
47,2047,changedp,16.01886749267578
48,2048,changegreedy,0.013828277587890625
48,2048,changedp,17.078876495361328
49,2049,changegreedy,0.016927719116210938
49,2049,changedp,15.706777572631836
50,2050,changegreedy,0.02384185791015625
50,2050,changedp,24.82318878173828
51,2051,changegreedy,0.03504753112792969
51,2051,changedp,16.73603057861328
52,2052,changegreedy,0.013828277587890625
52,2052,changedp,16.988039016723633
53,2053,changegreedy,0.015020370483398438
53,2053,changedp,15.07711410522461
54,2054,changegreedy,0.027894973754882812
54,2054,changedp,17.113924026489258
55,2055,changegreedy,0.014066696166992188
55,2055,changedp,15.27714729309082
56,2056,changegreedy,0.029087066650390625
56,2056,changedp,15.321969985961914
57,2057,changegreedy,0.013113021850585938
57,2057,changedp,15.877962112426758
58,2058,changegreedy,0.015974044799804688
58,2058,changedp,15.204906463623047
59,2059,changegreedy,0.012159347534179688
59,2059,changedp,16.051054000854492
60,2060,changegreedy,0.012874603271484375
60,2060,changedp,15.287160873413086
61,2061,changegreedy,0.013113021850585938
61,2061,changedp,19.20795440673828
62,2062,changegreedy,0.017881393432617188
62,2062,changedp,17.132997512817383
63,2063,changegreedy,0.015020370483398438
63,2063,changedp,15.540838241577148
64,2064,changegreedy,0.015020370483398438
64,2064,changedp,17.264127731323242
65,2065,changegreedy,0.01811981201171875
65,2065,changedp,16.615867614746094
66,2066,changegreedy,0.01811981201171875
66,2066,changedp,15.889883041381836
67,2067,changegreedy,0.014066696166992188
67,2067,changedp,16.933917999267578
68,2068,changegreedy,0.03409385681152344
68,2068,changedp,18.477916717529297
69,2069,changegreedy,0.0171661376953125
69,2069,changedp,15.547037124633789
70,2070,changegreedy,0.012874603271484375
70,2070,changedp,16.131162643432617
71,2071,changegreedy,0.014781951904296875
71,2071,changedp,16.33906364440918
72,2072,changegreedy,0.01811981201171875
72,2072,changedp,15.41900634765625
73,2073,changegreedy,0.012874603271484375
73,2073,changedp,16.494035720825195
74,2074,changegreedy,0.015020370483398438
74,2074,changedp,14.532089233398438
75,2075,changegreedy,0.014066696166992188
75,2075,changedp,16.239166259765625
76,2076,changegreedy,0.015020370483398438
76,2076,changedp,16.42608642578125
77,2077,changegreedy,0.01811981201171875
77,2077,changedp,15.902996063232422
78,2078,changegreedy,0.015020370483398438
78,2078,changedp,17.46511459350586
79,2079,changegreedy,0.01811981201171875
79,2079,changedp,15.40684700012207
80,2080,changegreedy,0.03719329833984375
80,2080,changedp,15.817880630493164
81,2081,changegreedy,0.01811981201171875
81,2081,changedp,16.8609619140625
82,2082,changegreedy,0.0209808349609375
82,2082,changedp,24.232149124145508
83,2083,changegreedy,0.018835067749023438
83,2083,changedp,17.82393455505371
84,2084,changegreedy,0.02002716064453125
84,2084,changedp,16.086101531982422
85,2085,changegreedy,0.015020370483398438
85,2085,changedp,15.877008438110352
86,2086,changegreedy,0.0171661376953125
86,2086,changedp,15.400886535644531
87,2087,changegreedy,0.014066696166992188
87,2087,changedp,17.551898956298828
88,2088,changegreedy,0.02288818359375
88,2088,changedp,19.40011978149414
89,2089,changegreedy,0.03695487976074219
89,2089,changedp,23.048877716064453
90,2090,changegreedy,0.015974044799804688
90,2090,changedp,16.427993774414062
91,2091,changegreedy,0.013828277587890625
91,2091,changedp,15.500783920288086
92,2092,changegreedy,0.027894973754882812
92,2092,changedp,20.02692222595215
93,2093,changegreedy,0.015974044799804688
93,2093,changedp,16.199111938476562
94,2094,changegreedy,0.01621246337890625
94,2094,changedp,15.585184097290039
95,2095,changegreedy,0.013113021850585938
95,2095,changedp,16.602039337158203
96,2096,changegreedy,0.015020370483398438
96,2096,changedp,15.741109848022461
97,2097,changegreedy,0.013113021850585938
97,2097,changedp,16.08896255493164
98,2098,changegreedy,0.016927719116210938
98,2098,changedp,16.121864318847656
99,2099,changegreedy,0.03504753112792969
99,2099,changedp,18.79096031188965
100,2100,changegreedy,0.015974044799804688
100,2100,changedp,19.7298526763916
101,2101,changegreedy,0.015974044799804688
101,2101,changedp,16.31021499633789
102,2102,changegreedy,0.016927719116210938
102,2102,changedp,15.7928466796875
103,2103,changegreedy,0.013828277587890625
103,2103,changedp,16.373157501220703
104,2104,changegreedy,0.021219253540039062
104,2104,changedp,15.949010848999023
105,2105,changegreedy,0.025033950805664062
105,2105,changedp,15.789985656738281
106,2106,changegreedy,0.013828277587890625
106,2106,changedp,19.30999755859375
107,2107,changegreedy,0.015974044799804688
107,2107,changedp,15.792131423950195
108,2108,changegreedy,0.011920928955078125
108,2108,changedp,18.062829971313477
109,2109,changegreedy,0.015974044799804688
109,2109,changedp,16.35909080505371
110,2110,changegreedy,0.015020370483398438
110,2110,changedp,15.75613021850586
111,2111,changegreedy,0.015020370483398438
111,2111,changedp,16.418933868408203
112,2112,changegreedy,0.015974044799804688
112,2112,changedp,16.089916229248047
113,2113,changegreedy,0.026941299438476562
113,2113,changedp,15.964031219482422
114,2114,changegreedy,0.024080276489257812
114,2114,changedp,17.149925231933594
115,2115,changegreedy,0.015974044799804688
115,2115,changedp,15.677928924560547
116,2116,changegreedy,0.029087066650390625
116,2116,changedp,16.275882720947266
117,2117,changegreedy,0.015020370483398438
117,2117,changedp,16.43204689025879
118,2118,changegreedy,0.015974044799804688
118,2118,changedp,15.902996063232422
119,2119,changegreedy,0.014066696166992188
119,2119,changedp,17.381906509399414
120,2120,changegreedy,0.016927719116210938
120,2120,changedp,15.030145645141602
121,2121,changegreedy,0.03910064697265625
121,2121,changedp,20.730018615722656
122,2122,changegreedy,0.014066696166992188
122,2122,changedp,16.9069766998291
123,2123,changegreedy,0.017881393432617188
123,2123,changedp,15.937089920043945
124,2124,changegreedy,0.030994415283203125
124,2124,changedp,16.07990264892578
125,2125,changegreedy,0.015020370483398438
125,2125,changedp,16.775131225585938
126,2126,changegreedy,0.015974044799804688
126,2126,changedp,15.909194946289062
127,2127,changegreedy,0.013828277587890625
127,2127,changedp,17.41790771484375
128,2128,changegreedy,0.025987625122070312
128,2128,changedp,20.611047744750977
129,2129,changegreedy,0.0209808349609375
129,2129,changedp,16.3729190826416
130,2130,changegreedy,0.027179718017578125
130,2130,changedp,16.76177978515625
131,2131,changegreedy,0.013828277587890625
131,2131,changedp,16.62898063659668
132,2132,changegreedy,0.015020370483398438
132,2132,changedp,16.33000373840332
133,2133,changegreedy,0.015974044799804688
133,2133,changedp,18.18394660949707
134,2134,changegreedy,0.0171661376953125
134,2134,changedp,16.482114791870117
135,2135,changegreedy,0.015974044799804688
135,2135,changedp,16.0520076751709
136,2136,changegreedy,0.014066696166992188
136,2136,changedp,16.674041748046875
137,2137,changegreedy,0.018835067749023438
137,2137,changedp,22.051095962524414
138,2138,changegreedy,0.03218650817871094
138,2138,changedp,16.46590232849121
139,2139,changegreedy,0.015974044799804688
139,2139,changedp,16.468048095703125
140,2140,changegreedy,0.02384185791015625
140,2140,changedp,15.79594612121582
141,2141,changegreedy,0.014066696166992188
141,2141,changedp,16.84117317199707
142,2142,changegreedy,0.014066696166992188
142,2142,changedp,15.825033187866211
143,2143,changegreedy,0.028848648071289062
143,2143,changedp,16.423940658569336
144,2144,changegreedy,0.014781951904296875
144,2144,changedp,16.302824020385742
145,2145,changegreedy,0.025987625122070312
145,2145,changedp,16.304969787597656
146,2146,changegreedy,0.014066696166992188
146,2146,changedp,16.7849063873291
147,2147,changegreedy,0.015020370483398438
147,2147,changedp,16.17598533630371
148,2148,changegreedy,0.03504753112792969
148,2148,changedp,15.889167785644531
149,2149,changegreedy,0.017881393432617188
149,2149,changedp,21.409988403320312
150,2150,changegreedy,0.015020370483398438
150,2150,changedp,19.4089412689209
151,2151,changegreedy,0.02002716064453125
151,2151,changedp,16.693115234375
152,2152,changegreedy,0.030040740966796875
152,2152,changedp,17.300128936767578
153,2153,changegreedy,0.014066696166992188
153,2153,changedp,16.41702651977539
154,2154,changegreedy,0.03504753112792969
154,2154,changedp,16.28899574279785
155,2155,changegreedy,0.013828277587890625
155,2155,changedp,17.200946807861328
156,2156,changegreedy,0.015974044799804688
156,2156,changedp,16.021013259887695
157,2157,changegreedy,0.011920928955078125
157,2157,changedp,16.464948654174805
158,2158,changegreedy,0.01621246337890625
158,2158,changedp,16.609907150268555
159,2159,changegreedy,0.019073486328125
159,2159,changedp,16.35289192199707
160,2160,changegreedy,0.011920928955078125
160,2160,changedp,16.8459415435791
161,2161,changegreedy,0.013828277587890625
161,2161,changedp,16.117095947265625
162,2162,changegreedy,0.034809112548828125
162,2162,changedp,16.456127166748047
163,2163,changegreedy,0.01621246337890625
163,2163,changedp,17.726898193359375
164,2164,changegreedy,0.015974044799804688
164,2164,changedp,21.43096923828125
165,2165,changegreedy,0.019073486328125
165,2165,changedp,17.456769943237305
166,2166,changegreedy,0.015020370483398438
166,2166,changedp,16.576051712036133
167,2167,changegreedy,0.022172927856445312
167,2167,changedp,17.235994338989258
168,2168,changegreedy,0.015974044799804688
168,2168,changedp,16.633033752441406
169,2169,changegreedy,0.029087066650390625
169,2169,changedp,15.791893005371094
170,2170,changegreedy,0.03600120544433594
170,2170,changedp,18.62502098083496
171,2171,changegreedy,0.015974044799804688
171,2171,changedp,16.096115112304688
172,2172,changegreedy,0.023126602172851562
172,2172,changedp,17.518997192382812
173,2173,changegreedy,0.014781951904296875
173,2173,changedp,16.9830322265625
174,2174,changegreedy,0.02002716064453125
174,2174,changedp,16.23702049255371
175,2175,changegreedy,0.013113021850585938
175,2175,changedp,17.119169235229492
176,2176,changegreedy,0.014066696166992188
176,2176,changedp,16.144990921020508
177,2177,changegreedy,0.014066696166992188
177,2177,changedp,16.448020935058594
178,2178,changegreedy,0.014781951904296875
178,2178,changedp,18.096923828125
179,2179,changegreedy,0.015974044799804688
179,2179,changedp,16.223907470703125
180,2180,changegreedy,0.028133392333984375
180,2180,changedp,18.328189849853516
181,2181,changegreedy,0.0209808349609375
181,2181,changedp,18.789052963256836
182,2182,changegreedy,0.014066696166992188
182,2182,changedp,16.695022583007812
183,2183,changegreedy,0.034809112548828125
183,2183,changedp,16.546010971069336
184,2184,changegreedy,0.013828277587890625
184,2184,changedp,20.49994468688965
185,2185,changegreedy,0.014781951904296875
185,2185,changedp,16.416072845458984
186,2186,changegreedy,0.012874603271484375
186,2186,changedp,23.23603630065918
187,2187,changegreedy,0.015974044799804688
187,2187,changedp,16.921043395996094
188,2188,changegreedy,0.015974044799804688
188,2188,changedp,16.536951065063477
189,2189,changegreedy,0.03409385681152344
189,2189,changedp,16.84713363647461
190,2190,changegreedy,0.014066696166992188
190,2190,changedp,17.09914207458496
191,2191,changegreedy,0.015974044799804688
191,2191,changedp,16.380786895751953
192,2192,changegreedy,0.015020370483398438
192,2192,changedp,19.449949264526367
193,2193,changegreedy,0.018835067749023438
193,2193,changedp,18.838882446289062
194,2194,changegreedy,0.01811981201171875
194,2194,changedp,19.663095474243164
195,2195,changegreedy,0.03600120544433594
195,2195,changedp,16.063928604125977
196,2196,changegreedy,0.01811981201171875
196,2196,changedp,20.455121994018555
197,2197,changegreedy,0.015020370483398438
197,2197,changedp,17.739057540893555
198,2198,changegreedy,0.015020370483398438
198,2198,changedp,17.132043838500977
199,2199,changegreedy,0.02193450927734375
199,2199,changedp,16.974925994873047
200,2200,changegreedy,0.014066696166992188
200,2200,changedp,20.923852920532227
0,2000,changegreedy,0.019073486328125
0,2000,changedp,15.424966812133789
1,2001,changegreedy,0.019073486328125
1,2001,changedp,13.386011123657227
2,2002,changegreedy,0.021219253540039062
2,2002,changedp,13.848066329956055
3,2003,changegreedy,0.031948089599609375
3,2003,changedp,16.605138778686523
4,2004,changegreedy,0.014066696166992188
4,2004,changedp,12.451887130737305
5,2005,changegreedy,0.0171661376953125
5,2005,changedp,11.94310188293457
6,2006,changegreedy,0.011920928955078125
6,2006,changedp,12.181997299194336
7,2007,changegreedy,0.025033950805664062
7,2007,changedp,18.517017364501953
8,2008,changegreedy,0.013828277587890625
8,2008,changedp,12.09712028503418
9,2009,changegreedy,0.027894973754882812
9,2009,changedp,11.976003646850586
10,2010,changegreedy,0.014066696166992188
10,2010,changedp,17.96698570251465
11,2011,changegreedy,0.02002716064453125
11,2011,changedp,26.307106018066406
12,2012,changegreedy,0.018835067749023438
12,2012,changedp,21.420001983642578
13,2013,changegreedy,0.023126602172851562
13,2013,changedp,12.924909591674805
14,2014,changegreedy,0.025033950805664062
14,2014,changedp,17.501115798950195
15,2015,changegreedy,0.03504753112792969
15,2015,changedp,12.282848358154297
16,2016,changegreedy,0.018835067749023438
16,2016,changedp,18.84603500366211
17,2017,changegreedy,0.015974044799804688
17,2017,changedp,12.179851531982422
18,2018,changegreedy,0.012874603271484375
18,2018,changedp,12.279987335205078
19,2019,changegreedy,0.03790855407714844
19,2019,changedp,12.187957763671875
20,2020,changegreedy,0.014781951904296875
20,2020,changedp,12.65406608581543
21,2021,changegreedy,0.024080276489257812
21,2021,changedp,11.923074722290039
22,2022,changegreedy,0.015974044799804688
22,2022,changedp,11.500120162963867
23,2023,changegreedy,0.012874603271484375
23,2023,changedp,11.93094253540039
24,2024,changegreedy,0.014066696166992188
24,2024,changedp,12.382030487060547
25,2025,changegreedy,0.02288818359375
25,2025,changedp,12.279033660888672
26,2026,changegreedy,0.030040740966796875
26,2026,changedp,12.427091598510742
27,2027,changegreedy,0.016927719116210938
27,2027,changedp,11.765003204345703
28,2028,changegreedy,0.02288818359375
28,2028,changedp,12.19797134399414
29,2029,changegreedy,0.015020370483398438
29,2029,changedp,12.38703727722168
30,2030,changegreedy,0.0209808349609375
30,2030,changedp,17.819881439208984
31,2031,changegreedy,0.014066696166992188
31,2031,changedp,12.640953063964844
32,2032,changegreedy,0.02193450927734375
32,2032,changedp,12.11690902709961
33,2033,changegreedy,0.011920928955078125
33,2033,changedp,12.25590705871582
34,2034,changegreedy,0.02002716064453125
34,2034,changedp,12.534856796264648
35,2035,changegreedy,0.0209808349609375
35,2035,changedp,15.645980834960938
36,2036,changegreedy,0.025033950805664062
36,2036,changedp,12.362003326416016
37,2037,changegreedy,0.015020370483398438
37,2037,changedp,12.68911361694336
38,2038,changegreedy,0.02002716064453125
38,2038,changedp,12.140989303588867
39,2039,changegreedy,0.013113021850585938
39,2039,changedp,12.363195419311523
40,2040,changegreedy,0.02193450927734375
40,2040,changedp,12.732982635498047
41,2041,changegreedy,0.013828277587890625
41,2041,changedp,12.326955795288086
42,2042,changegreedy,0.0209808349609375
42,2042,changedp,12.735128402709961
43,2043,changegreedy,0.014066696166992188
43,2043,changedp,12.550115585327148
44,2044,changegreedy,0.02193450927734375
44,2044,changedp,12.686014175415039
45,2045,changegreedy,0.012874603271484375
45,2045,changedp,17.6241397857666
46,2046,changegreedy,0.027894973754882812
46,2046,changedp,12.559890747070312
47,2047,changegreedy,0.027894973754882812
47,2047,changedp,20.574092864990234
48,2048,changegreedy,0.025033950805664062
48,2048,changedp,12.100934982299805
49,2049,changegreedy,0.015020370483398438
49,2049,changedp,16.299962997436523
50,2050,changegreedy,0.014066696166992188
50,2050,changedp,12.125968933105469
51,2051,changegreedy,0.030040740966796875
51,2051,changedp,11.888980865478516
52,2052,changegreedy,0.017881393432617188
52,2052,changedp,12.40086555480957
53,2053,changegreedy,0.030040740966796875
53,2053,changedp,12.264013290405273
54,2054,changegreedy,0.012874603271484375
54,2054,changedp,12.429952621459961
55,2055,changegreedy,0.030994415283203125
55,2055,changedp,17.555952072143555
56,2056,changegreedy,0.014066696166992188
56,2056,changedp,14.580011367797852
57,2057,changegreedy,0.015020370483398438
57,2057,changedp,13.641119003295898
58,2058,changegreedy,0.013113021850585938
58,2058,changedp,13.933897018432617
59,2059,changegreedy,0.019073486328125
59,2059,changedp,12.271881103515625
60,2060,changegreedy,0.014066696166992188
60,2060,changedp,12.44807243347168
61,2061,changegreedy,0.02193450927734375
61,2061,changedp,12.403011322021484
62,2062,changegreedy,0.011920928955078125
62,2062,changedp,12.358903884887695
63,2063,changegreedy,0.021219253540039062
63,2063,changedp,17.953157424926758
64,2064,changegreedy,0.02193450927734375
64,2064,changedp,17.132043838500977
65,2065,changegreedy,0.027894973754882812
65,2065,changedp,12.376070022583008
66,2066,changegreedy,0.015974044799804688
66,2066,changedp,20.90311050415039
67,2067,changegreedy,0.015020370483398438
67,2067,changedp,13.596057891845703
68,2068,changegreedy,0.02288818359375
68,2068,changedp,13.948917388916016
69,2069,changegreedy,0.011920928955078125
69,2069,changedp,12.727975845336914
70,2070,changegreedy,0.02384185791015625
70,2070,changedp,11.986017227172852
71,2071,changegreedy,0.016927719116210938
71,2071,changedp,18.744945526123047
72,2072,changegreedy,0.041961669921875
72,2072,changedp,12.508869171142578
73,2073,changegreedy,0.029087066650390625
73,2073,changedp,21.30413055419922
74,2074,changegreedy,0.03314018249511719
74,2074,changedp,14.939069747924805
75,2075,changegreedy,0.013828277587890625
75,2075,changedp,13.243913650512695
76,2076,changegreedy,0.019073486328125
76,2076,changedp,12.717008590698242
77,2077,changegreedy,0.012874603271484375
77,2077,changedp,12.73488998413086
78,2078,changegreedy,0.032901763916015625
78,2078,changedp,12.929916381835938
79,2079,changegreedy,0.015020370483398438
79,2079,changedp,12.70294189453125
80,2080,changegreedy,0.01811981201171875
80,2080,changedp,13.162851333618164
81,2081,changegreedy,0.012874603271484375
81,2081,changedp,12.516975402832031
82,2082,changegreedy,0.024080276489257812
82,2082,changedp,13.000965118408203
83,2083,changegreedy,0.015020370483398438
83,2083,changedp,12.513875961303711
84,2084,changegreedy,0.023126602172851562
84,2084,changedp,13.720989227294922
85,2085,changegreedy,0.013828277587890625
85,2085,changedp,12.466907501220703
86,2086,changegreedy,0.02288818359375
86,2086,changedp,13.746976852416992
87,2087,changegreedy,0.014066696166992188
87,2087,changedp,12.466907501220703
88,2088,changegreedy,0.023126602172851562
88,2088,changedp,15.635013580322266
89,2089,changegreedy,0.015020370483398438
89,2089,changedp,12.864112854003906
90,2090,changegreedy,0.02002716064453125
90,2090,changedp,13.411998748779297
91,2091,changegreedy,0.014066696166992188
91,2091,changedp,12.38393783569336
92,2092,changegreedy,0.0209808349609375
92,2092,changedp,13.211965560913086
93,2093,changegreedy,0.015020370483398438
93,2093,changedp,12.662887573242188
94,2094,changegreedy,0.027179718017578125
94,2094,changedp,12.393951416015625
95,2095,changegreedy,0.014066696166992188
95,2095,changedp,12.722015380859375
96,2096,changegreedy,0.02002716064453125
96,2096,changedp,13.185977935791016
97,2097,changegreedy,0.012874603271484375
97,2097,changedp,12.602090835571289
98,2098,changegreedy,0.023126602172851562
98,2098,changedp,12.578010559082031
99,2099,changegreedy,0.013113021850585938
99,2099,changedp,12.640953063964844
100,2100,changegreedy,0.022172927856445312
100,2100,changedp,14.520883560180664
101,2101,changegreedy,0.015974044799804688
101,2101,changedp,13.072013854980469
102,2102,changegreedy,0.054836273193359375
102,2102,changedp,12.907981872558594
103,2103,changegreedy,0.0171661376953125
103,2103,changedp,12.576103210449219
104,2104,changegreedy,0.023126602172851562
104,2104,changedp,12.989997863769531
105,2105,changegreedy,0.015020370483398438
105,2105,changedp,12.639999389648438
106,2106,changegreedy,0.0209808349609375
106,2106,changedp,16.17288589477539
107,2107,changegreedy,0.02002716064453125
107,2107,changedp,19.990921020507812
108,2108,changegreedy,0.015020370483398438
108,2108,changedp,13.540983200073242
109,2109,changegreedy,0.016927719116210938
109,2109,changedp,14.62101936340332
110,2110,changegreedy,0.015020370483398438
110,2110,changedp,12.553930282592773
111,2111,changegreedy,0.028848648071289062
111,2111,changedp,12.625932693481445
112,2112,changegreedy,0.015020370483398438
112,2112,changedp,12.736082077026367
113,2113,changegreedy,0.02002716064453125
113,2113,changedp,15.655994415283203
114,2114,changegreedy,0.012874603271484375
114,2114,changedp,12.723922729492188
115,2115,changegreedy,0.023126602172851562
115,2115,changedp,12.887001037597656
116,2116,changegreedy,0.013113021850585938
116,2116,changedp,12.699127197265625
117,2117,changegreedy,0.02193450927734375
117,2117,changedp,12.91799545288086
118,2118,changegreedy,0.015974044799804688
118,2118,changedp,12.816190719604492
119,2119,changegreedy,0.024080276489257812
119,2119,changedp,13.025999069213867
120,2120,changegreedy,0.014066696166992188
120,2120,changedp,12.742996215820312
121,2121,changegreedy,0.02288818359375
121,2121,changedp,17.01498031616211
122,2122,changegreedy,0.014066696166992188
122,2122,changedp,12.974977493286133
123,2123,changegreedy,0.025987625122070312
123,2123,changedp,12.693166732788086
124,2124,changegreedy,0.02193450927734375
124,2124,changedp,20.23005485534668
125,2125,changegreedy,0.025033950805664062
125,2125,changedp,12.470006942749023
126,2126,changegreedy,0.015974044799804688
126,2126,changedp,13.71002197265625
127,2127,changegreedy,0.015974044799804688
127,2127,changedp,12.768030166625977
128,2128,changegreedy,0.011920928955078125
128,2128,changedp,12.638092041015625
129,2129,changegreedy,0.02002716064453125
129,2129,changedp,12.893915176391602
130,2130,changegreedy,0.027894973754882812
130,2130,changedp,14.634132385253906
131,2131,changegreedy,0.013828277587890625
131,2131,changedp,13.487100601196289
132,2132,changegreedy,0.026941299438476562
132,2132,changedp,16.006946563720703
133,2133,changegreedy,0.015020370483398438
133,2133,changedp,13.451099395751953
134,2134,changegreedy,0.028133392333984375
134,2134,changedp,14.036178588867188
135,2135,changegreedy,0.012159347534179688
135,2135,changedp,13.523101806640625
136,2136,changegreedy,0.016927719116210938
136,2136,changedp,12.753009796142578
137,2137,changegreedy,0.015974044799804688
137,2137,changedp,13.336896896362305
138,2138,changegreedy,0.029087066650390625
138,2138,changedp,12.621879577636719
139,2139,changegreedy,0.015020370483398438
139,2139,changedp,18.040895462036133
140,2140,changegreedy,0.030040740966796875
140,2140,changedp,14.223098754882812
141,2141,changegreedy,0.033855438232421875
141,2141,changedp,14.181137084960938
142,2142,changegreedy,0.014066696166992188
142,2142,changedp,12.77303695678711
143,2143,changegreedy,0.030040740966796875
143,2143,changedp,15.056133270263672
144,2144,changegreedy,0.015020370483398438
144,2144,changedp,13.034820556640625
145,2145,changegreedy,0.0209808349609375
145,2145,changedp,13.164997100830078
146,2146,changegreedy,0.0171661376953125
146,2146,changedp,13.036966323852539
147,2147,changegreedy,0.0209808349609375
147,2147,changedp,13.326883316040039
148,2148,changegreedy,0.015020370483398438
148,2148,changedp,12.877941131591797
149,2149,changegreedy,0.02384185791015625
149,2149,changedp,13.267993927001953
150,2150,changegreedy,0.014066696166992188
150,2150,changedp,13.033151626586914
151,2151,changegreedy,0.023126602172851562
151,2151,changedp,15.055179595947266
152,2152,changegreedy,0.012874603271484375
152,2152,changedp,13.026952743530273
153,2153,changegreedy,0.023126602172851562
153,2153,changedp,13.756036758422852
154,2154,changegreedy,0.027894973754882812
154,2154,changedp,17.868995666503906
155,2155,changegreedy,0.02002716064453125
155,2155,changedp,13.270854949951172
156,2156,changegreedy,0.012874603271484375
156,2156,changedp,12.791872024536133
157,2157,changegreedy,0.02002716064453125
157,2157,changedp,13.193130493164062
158,2158,changegreedy,0.015974044799804688
158,2158,changedp,13.243913650512695
159,2159,changegreedy,0.0209808349609375
159,2159,changedp,13.438940048217773
160,2160,changegreedy,0.015020370483398438
160,2160,changedp,12.855052947998047
161,2161,changegreedy,0.022172927856445312
161,2161,changedp,13.355016708374023
162,2162,changegreedy,0.015020370483398438
162,2162,changedp,13.135194778442383
163,2163,changegreedy,0.0209808349609375
163,2163,changedp,24.12700653076172
164,2164,changegreedy,0.025987625122070312
164,2164,changedp,16.57390594482422
165,2165,changegreedy,0.015974044799804688
165,2165,changedp,15.664100646972656
166,2166,changegreedy,0.015020370483398438
166,2166,changedp,12.691974639892578
167,2167,changegreedy,0.010013580322265625
167,2167,changedp,14.569997787475586
168,2168,changegreedy,0.0209808349609375
168,2168,changedp,13.190031051635742
169,2169,changegreedy,0.02384185791015625
169,2169,changedp,15.404939651489258
170,2170,changegreedy,0.014066696166992188
170,2170,changedp,13.106107711791992
171,2171,changegreedy,0.02288818359375
171,2171,changedp,16.53003692626953
172,2172,changegreedy,0.013113021850585938
172,2172,changedp,13.219833374023438
173,2173,changegreedy,0.0209808349609375
173,2173,changedp,12.892007827758789
174,2174,changegreedy,0.015020370483398438
174,2174,changedp,13.151884078979492
175,2175,changegreedy,0.0209808349609375
175,2175,changedp,13.771772384643555
176,2176,changegreedy,0.015020370483398438
176,2176,changedp,12.877941131591797
177,2177,changegreedy,0.030040740966796875
177,2177,changedp,14.034032821655273
178,2178,changegreedy,0.0171661376953125
178,2178,changedp,20.08199691772461
179,2179,changegreedy,0.019073486328125
179,2179,changedp,13.741016387939453
180,2180,changegreedy,0.026941299438476562
180,2180,changedp,14.379024505615234
181,2181,changegreedy,0.029087066650390625
181,2181,changedp,13.005971908569336
182,2182,changegreedy,0.02193450927734375
182,2182,changedp,13.785839080810547
183,2183,changegreedy,0.015020370483398438
183,2183,changedp,13.601064682006836
184,2184,changegreedy,0.02002716064453125
184,2184,changedp,13.514995574951172
185,2185,changegreedy,0.014066696166992188
185,2185,changedp,13.200998306274414
186,2186,changegreedy,0.02288818359375
186,2186,changedp,13.612031936645508
187,2187,changegreedy,0.014066696166992188
187,2187,changedp,13.319969177246094
188,2188,changegreedy,0.019073486328125
188,2188,changedp,13.173103332519531
189,2189,changegreedy,0.011920928955078125
189,2189,changedp,13.255834579467773
190,2190,changegreedy,0.0209808349609375
190,2190,changedp,13.583183288574219
191,2191,changegreedy,0.013113021850585938
191,2191,changedp,15.04206657409668
192,2192,changegreedy,0.023126602172851562
192,2192,changedp,13.462066650390625
193,2193,changegreedy,0.015020370483398438
193,2193,changedp,13.395071029663086
194,2194,changegreedy,0.0209808349609375
194,2194,changedp,13.59701156616211
195,2195,changegreedy,0.014066696166992188
195,2195,changedp,13.286113739013672
196,2196,changegreedy,0.02193450927734375
196,2196,changedp,16.815900802612305
197,2197,changegreedy,0.012874603271484375
197,2197,changedp,13.253927230834961
198,2198,changegreedy,0.02288818359375
198,2198,changedp,13.622045516967773
199,2199,changegreedy,0.013828277587890625
199,2199,changedp,13.556957244873047
200,2200,changegreedy,0.025987625122070312
200,2200,changedp,13.453960418701172
0,2000,changegreedy,0.018835067749023438
0,2000,changedp,29.25896644592285
1,2001,changegreedy,0.028133392333984375
1,2001,changedp,27.513980865478516
2,2002,changegreedy,0.025987625122070312
2,2002,changedp,27.611970901489258
3,2003,changegreedy,0.021219253540039062
3,2003,changedp,27.744054794311523
4,2004,changegreedy,0.0209808349609375
4,2004,changedp,27.587890625
5,2005,changegreedy,0.02002716064453125
5,2005,changedp,37.980079650878906
6,2006,changegreedy,0.026226043701171875
6,2006,changedp,28.22709083557129
7,2007,changegreedy,0.0209808349609375
7,2007,changedp,27.70709991455078
8,2008,changegreedy,0.022172927856445312
8,2008,changedp,28.01799774169922
9,2009,changegreedy,0.02002716064453125
9,2009,changedp,27.62293815612793
10,2010,changegreedy,0.04506111145019531
10,2010,changedp,27.135848999023438
11,2011,changegreedy,0.02384185791015625
11,2011,changedp,27.995824813842773
12,2012,changegreedy,0.025987625122070312
12,2012,changedp,33.87117385864258
13,2013,changegreedy,0.026941299438476562
13,2013,changedp,38.96021842956543
14,2014,changegreedy,0.021219253540039062
14,2014,changedp,28.27000617980957
15,2015,changegreedy,0.02002716064453125
15,2015,changedp,35.47191619873047
16,2016,changegreedy,0.021219253540039062
16,2016,changedp,28.0301570892334
17,2017,changegreedy,0.019073486328125
17,2017,changedp,27.812957763671875
18,2018,changegreedy,0.019073486328125
18,2018,changedp,27.710914611816406
19,2019,changegreedy,0.019073486328125
19,2019,changedp,27.925968170166016
20,2020,changegreedy,0.02002716064453125
20,2020,changedp,27.931928634643555
21,2021,changegreedy,0.018835067749023438
21,2021,changedp,27.755022048950195
22,2022,changegreedy,0.023126602172851562
22,2022,changedp,27.77886390686035
23,2023,changegreedy,0.025033950805664062
23,2023,changedp,27.274131774902344
24,2024,changegreedy,0.025033950805664062
24,2024,changedp,29.641151428222656
25,2025,changegreedy,0.0209808349609375
25,2025,changedp,27.623891830444336
26,2026,changegreedy,0.025033950805664062
26,2026,changedp,27.072906494140625
27,2027,changegreedy,0.025033950805664062
27,2027,changedp,36.026954650878906
28,2028,changegreedy,0.027894973754882812
28,2028,changedp,28.326988220214844
29,2029,changegreedy,0.03409385681152344
29,2029,changedp,27.407169342041016
30,2030,changegreedy,0.029087066650390625
30,2030,changedp,26.829957962036133
31,2031,changegreedy,0.030994415283203125
31,2031,changedp,27.358055114746094
32,2032,changegreedy,0.027894973754882812
32,2032,changedp,27.58312225341797
33,2033,changegreedy,0.026941299438476562
33,2033,changedp,27.589082717895508
34,2034,changegreedy,0.025033950805664062
34,2034,changedp,27.78482437133789
35,2035,changegreedy,0.027179718017578125
35,2035,changedp,47.26815223693848
36,2036,changegreedy,0.026941299438476562
36,2036,changedp,30.071020126342773
37,2037,changegreedy,0.032901763916015625
37,2037,changedp,33.693790435791016
38,2038,changegreedy,0.02002716064453125
38,2038,changedp,28.222084045410156
39,2039,changegreedy,0.02193450927734375
39,2039,changedp,35.05396842956543
40,2040,changegreedy,0.0209808349609375
40,2040,changedp,28.880834579467773
41,2041,changegreedy,0.02002716064453125
41,2041,changedp,28.11288833618164
42,2042,changegreedy,0.02002716064453125
42,2042,changedp,28.544902801513672
43,2043,changegreedy,0.018835067749023438
43,2043,changedp,28.361082077026367
44,2044,changegreedy,0.028848648071289062
44,2044,changedp,28.621912002563477
45,2045,changegreedy,0.0247955322265625
45,2045,changedp,27.81200408935547
46,2046,changegreedy,0.02002716064453125
46,2046,changedp,29.159069061279297
47,2047,changegreedy,0.02002716064453125
47,2047,changedp,28.01799774169922
48,2048,changegreedy,0.026941299438476562
48,2048,changedp,28.04398536682129
49,2049,changegreedy,0.025033950805664062
49,2049,changedp,28.28693389892578
50,2050,changegreedy,0.026941299438476562
50,2050,changedp,32.325029373168945
51,2051,changegreedy,0.025987625122070312
51,2051,changedp,28.283119201660156
52,2052,changegreedy,0.0247955322265625
52,2052,changedp,29.458045959472656
53,2053,changegreedy,0.033855438232421875
53,2053,changedp,29.25705909729004
54,2054,changegreedy,0.0400543212890625
54,2054,changedp,43.30110549926758
55,2055,changegreedy,0.026226043701171875
55,2055,changedp,30.111074447631836
56,2056,changegreedy,0.0209808349609375
56,2056,changedp,27.987003326416016
57,2057,changegreedy,0.02002716064453125
57,2057,changedp,28.592824935913086
58,2058,changegreedy,0.0209808349609375
58,2058,changedp,28.66983413696289
59,2059,changegreedy,0.019073486328125
59,2059,changedp,27.885913848876953
60,2060,changegreedy,0.025987625122070312
60,2060,changedp,27.888059616088867
61,2061,changegreedy,0.024080276489257812
61,2061,changedp,28.40709686279297
62,2062,changegreedy,0.019788742065429688
62,2062,changedp,30.707836151123047
63,2063,changegreedy,0.029802322387695312
63,2063,changedp,29.713869094848633
64,2064,changegreedy,0.030994415283203125
64,2064,changedp,31.6469669342041
65,2065,changegreedy,0.030994415283203125
65,2065,changedp,27.965068817138672
66,2066,changegreedy,0.031948089599609375
66,2066,changedp,26.10015869140625
67,2067,changegreedy,0.05698204040527344
67,2067,changedp,28.92899513244629
68,2068,changegreedy,0.025987625122070312
68,2068,changedp,26.87692642211914
69,2069,changegreedy,0.026941299438476562
69,2069,changedp,28.24711799621582
70,2070,changegreedy,0.025987625122070312
70,2070,changedp,28.06711196899414
71,2071,changegreedy,0.025033950805664062
71,2071,changedp,32.16695785522461
72,2072,changegreedy,0.030040740966796875
72,2072,changedp,28.482913970947266
73,2073,changegreedy,0.025033950805664062
73,2073,changedp,28.231143951416016
74,2074,changegreedy,0.023126602172851562
74,2074,changedp,28.592824935913086
75,2075,changegreedy,0.03600120544433594
75,2075,changedp,29.27708625793457
76,2076,changegreedy,0.025987625122070312
76,2076,changedp,30.548095703125
77,2077,changegreedy,0.025987625122070312
77,2077,changedp,28.49102020263672
78,2078,changegreedy,0.02002716064453125
78,2078,changedp,29.72102165222168
79,2079,changegreedy,0.0438690185546875
79,2079,changedp,32.006025314331055
80,2080,changegreedy,0.030994415283203125
80,2080,changedp,29.2510986328125
81,2081,changegreedy,0.050067901611328125
81,2081,changedp,28.934001922607422
82,2082,changegreedy,0.03314018249511719
82,2082,changedp,28.522968292236328
83,2083,changegreedy,0.028133392333984375
83,2083,changedp,26.788949966430664
84,2084,changegreedy,0.03409385681152344
84,2084,changedp,34.88898277282715
85,2085,changegreedy,0.024080276489257812
85,2085,changedp,28.786897659301758
86,2086,changegreedy,0.03504753112792969
86,2086,changedp,30.839920043945312
87,2087,changegreedy,0.031948089599609375
87,2087,changedp,28.52010726928711
88,2088,changegreedy,0.032901763916015625
88,2088,changedp,44.037818908691406
89,2089,changegreedy,0.023126602172851562
89,2089,changedp,28.87582778930664
90,2090,changegreedy,0.025987625122070312
90,2090,changedp,30.14397621154785
91,2091,changegreedy,0.02002716064453125
91,2091,changedp,36.82398796081543
92,2092,changegreedy,0.019788742065429688
92,2092,changedp,29.310941696166992
93,2093,changegreedy,0.01811981201171875
93,2093,changedp,28.686046600341797
94,2094,changegreedy,0.019073486328125
94,2094,changedp,28.87892723083496
95,2095,changegreedy,0.018835067749023438
95,2095,changedp,29.439926147460938
96,2096,changegreedy,0.019073486328125
96,2096,changedp,29.65712547302246
97,2097,changegreedy,0.019073486328125
97,2097,changedp,29.411792755126953
98,2098,changegreedy,0.025987625122070312
98,2098,changedp,29.002904891967773
99,2099,changegreedy,0.019073486328125
99,2099,changedp,29.214143753051758
100,2100,changegreedy,0.030040740966796875
100,2100,changedp,33.2798957824707
101,2101,changegreedy,0.01811981201171875
101,2101,changedp,29.1750431060791
102,2102,changegreedy,0.0209808349609375
102,2102,changedp,28.992891311645508
103,2103,changegreedy,0.01811981201171875
103,2103,changedp,29.01291847229004
104,2104,changegreedy,0.01811981201171875
104,2104,changedp,29.1440486907959
105,2105,changegreedy,0.019073486328125
105,2105,changedp,28.855085372924805
106,2106,changegreedy,0.028133392333984375
106,2106,changedp,29.044151306152344
107,2107,changegreedy,0.02193450927734375
107,2107,changedp,29.037952423095703
108,2108,changegreedy,0.018835067749023438
108,2108,changedp,29.1287899017334
109,2109,changegreedy,0.017881393432617188
109,2109,changedp,28.85913848876953
110,2110,changegreedy,0.017881393432617188
110,2110,changedp,28.882980346679688
111,2111,changegreedy,0.02002716064453125
111,2111,changedp,28.796911239624023
112,2112,changegreedy,0.02384185791015625
112,2112,changedp,29.239892959594727
113,2113,changegreedy,0.019788742065429688
113,2113,changedp,29.027938842773438
114,2114,changegreedy,0.02002716064453125
114,2114,changedp,28.998851776123047
115,2115,changegreedy,0.019073486328125
115,2115,changedp,29.221057891845703
116,2116,changegreedy,0.027179718017578125
116,2116,changedp,28.605937957763672
117,2117,changegreedy,0.06914138793945312
117,2117,changedp,28.573989868164062
118,2118,changegreedy,0.027179718017578125
118,2118,changedp,30.85494041442871
119,2119,changegreedy,0.02384185791015625
119,2119,changedp,30.014991760253906
120,2120,changegreedy,0.03504753112792969
120,2120,changedp,28.37991714477539
121,2121,changegreedy,0.025987625122070312
121,2121,changedp,35.256147384643555
122,2122,changegreedy,0.0209808349609375
122,2122,changedp,29.3428897857666
123,2123,changegreedy,0.029087066650390625
123,2123,changedp,29.088973999023438
124,2124,changegreedy,0.021219253540039062
124,2124,changedp,29.211997985839844
125,2125,changegreedy,0.027179718017578125
125,2125,changedp,29.285907745361328
126,2126,changegreedy,0.027179718017578125
126,2126,changedp,29.27994728088379
127,2127,changegreedy,0.028133392333984375
127,2127,changedp,28.935909271240234
128,2128,changegreedy,0.051975250244140625
128,2128,changedp,29.33812141418457
129,2129,changegreedy,0.025987625122070312
129,2129,changedp,29.42204475402832
130,2130,changegreedy,0.027894973754882812
130,2130,changedp,28.92589569091797
131,2131,changegreedy,0.031948089599609375
131,2131,changedp,32.10115432739258
132,2132,changegreedy,0.025033950805664062
132,2132,changedp,28.160810470581055
133,2133,changegreedy,0.028848648071289062
133,2133,changedp,35.05206108093262
134,2134,changegreedy,0.019073486328125
134,2134,changedp,29.27684783935547
135,2135,changegreedy,0.024080276489257812
135,2135,changedp,33.26702117919922
136,2136,changegreedy,0.02193450927734375
136,2136,changedp,29.651880264282227
137,2137,changegreedy,0.02193450927734375
137,2137,changedp,30.301809310913086
138,2138,changegreedy,0.02002716064453125
138,2138,changedp,29.54387664794922
139,2139,changegreedy,0.025987625122070312
139,2139,changedp,29.568910598754883
140,2140,changegreedy,0.02193450927734375
140,2140,changedp,30.054092407226562
141,2141,changegreedy,0.021219253540039062
141,2141,changedp,29.510974884033203
142,2142,changegreedy,0.02288818359375
142,2142,changedp,30.80916404724121
143,2143,changegreedy,0.025033950805664062
143,2143,changedp,29.484033584594727
144,2144,changegreedy,0.02002716064453125
144,2144,changedp,29.819965362548828
145,2145,changegreedy,0.019788742065429688
145,2145,changedp,28.480052947998047
146,2146,changegreedy,0.027179718017578125
146,2146,changedp,29.504060745239258
147,2147,changegreedy,0.03695487976074219
147,2147,changedp,28.774023056030273
148,2148,changegreedy,0.025987625122070312
148,2148,changedp,29.419898986816406
149,2149,changegreedy,0.025987625122070312
149,2149,changedp,33.80393981933594
150,2150,changegreedy,0.02193450927734375
150,2150,changedp,36.267995834350586
151,2151,changegreedy,0.019073486328125
151,2151,changedp,29.256105422973633
152,2152,changegreedy,0.01811981201171875
152,2152,changedp,29.606103897094727
153,2153,changegreedy,0.019073486328125
153,2153,changedp,29.098987579345703
154,2154,changegreedy,0.02193450927734375
154,2154,changedp,29.304027557373047
155,2155,changegreedy,0.022172927856445312
155,2155,changedp,29.336929321289062
156,2156,changegreedy,0.019788742065429688
156,2156,changedp,29.577016830444336
157,2157,changegreedy,0.02002716064453125
157,2157,changedp,29.08611297607422
158,2158,changegreedy,0.024080276489257812
158,2158,changedp,29.15191650390625
159,2159,changegreedy,0.024080276489257812
159,2159,changedp,28.802156448364258
160,2160,changegreedy,0.06198883056640625
160,2160,changedp,36.77010536193848
161,2161,changegreedy,0.019073486328125
161,2161,changedp,29.43587303161621
162,2162,changegreedy,0.025033950805664062
162,2162,changedp,29.6938419342041
163,2163,changegreedy,0.018835067749023438
163,2163,changedp,29.780864715576172
164,2164,changegreedy,0.02002716064453125
164,2164,changedp,31.235933303833008
165,2165,changegreedy,0.02002716064453125
165,2165,changedp,36.357879638671875
166,2166,changegreedy,0.02002716064453125
166,2166,changedp,29.620885848999023
167,2167,changegreedy,0.017881393432617188
167,2167,changedp,29.755830764770508
168,2168,changegreedy,0.02002716064453125
168,2168,changedp,30.363082885742188
169,2169,changegreedy,0.025033950805664062
169,2169,changedp,29.39605712890625
170,2170,changegreedy,0.02002716064453125
170,2170,changedp,29.860973358154297
171,2171,changegreedy,0.02002716064453125
171,2171,changedp,29.783964157104492
172,2172,changegreedy,0.02002716064453125
172,2172,changedp,29.328107833862305
173,2173,changegreedy,0.028133392333984375
173,2173,changedp,40.41409492492676
174,2174,changegreedy,0.030040740966796875
174,2174,changedp,32.27496147155762
175,2175,changegreedy,0.023126602172851562
175,2175,changedp,29.17003631591797
176,2176,changegreedy,0.019788742065429688
176,2176,changedp,29.39295768737793
177,2177,changegreedy,0.019073486328125
177,2177,changedp,30.26413917541504
178,2178,changegreedy,0.02384185791015625
178,2178,changedp,30.17711639404297
179,2179,changegreedy,0.032901763916015625
179,2179,changedp,30.184030532836914
180,2180,changegreedy,0.019073486328125
180,2180,changedp,30.009984970092773
181,2181,changegreedy,0.026941299438476562
181,2181,changedp,34.48486328125
182,2182,changegreedy,0.02002716064453125
182,2182,changedp,30.2579402923584
183,2183,changegreedy,0.019073486328125
183,2183,changedp,30.51900863647461
184,2184,changegreedy,0.019788742065429688
184,2184,changedp,37.27006912231445
185,2185,changegreedy,0.02002716064453125
185,2185,changedp,30.412912368774414
186,2186,changegreedy,0.0171661376953125
186,2186,changedp,30.22623062133789
187,2187,changegreedy,0.017881393432617188
187,2187,changedp,29.97303009033203
188,2188,changegreedy,0.019073486328125
188,2188,changedp,30.148029327392578
189,2189,changegreedy,0.019073486328125
189,2189,changedp,30.484914779663086
190,2190,changegreedy,0.019073486328125
190,2190,changedp,29.776811599731445
191,2191,changegreedy,0.017881393432617188
191,2191,changedp,30.191898345947266
192,2192,changegreedy,0.025033950805664062
192,2192,changedp,33.41817855834961
193,2193,changegreedy,0.0247955322265625
193,2193,changedp,29.74700927734375
194,2194,changegreedy,0.04410743713378906
194,2194,changedp,32.495975494384766
195,2195,changegreedy,0.030040740966796875
195,2195,changedp,30.219078063964844
196,2196,changegreedy,0.06914138793945312
196,2196,changedp,33.62393379211426
197,2197,changegreedy,0.050067901611328125
197,2197,changedp,40.26198387145996
198,2198,changegreedy,0.0209808349609375
198,2198,changedp,31.517982482910156
199,2199,changegreedy,0.018835067749023438
199,2199,changedp,30.43508529663086
200,2200,changegreedy,0.02002716064453125
200,2200,changedp,30.347108840942383
